Accuracy,Precision,Recall,F1-score
0.6004171632896305,0.5646309479205694,0.8938315539739027,0.6920780711825488
